source,text,url,sentiment_label,sentiment_score
Business Insider,"NATO is trying to beat Russia and China on drones and robots. A top commander says it's not moving fast enough.. NATO is betting on drones, robots, and other emerging technologies to modernize its naval forces and help gain an edge over foes.",https://www.businessinsider.com/nato-fielding-new-war-tech-not-moving-fast-enough-commander-2025-9,Neutral,-0.2
Business Insider,"OpenAI wants to be the next big tech platform. A developer expert weighs in on how this is going.. Richard Murby, director of business development at Devpost, assesses OpenAI's chances.",https://www.businessinsider.com/openai-next-big-tech-platform-developers-apple-google-devpost-2025-10,Neutral,0.0
TheStreet,"IonQ CEO just threw a curveball at Nvidia. In 2025, the quantum computing space essentially broke out of obscurity, with AI’s unrelenting demand spilling into virtually every compute bottleneck. For...",https://www.thestreet.com/technology/ionq-ceo-just-threw-a-curveball-at-nvidia,Positive,0.7
Fox News,"Fox News AI Newsletter: Dems demand 'robot tax'. The Fox News Artificial Intelligence Newsletter brings you the latest news on the emerging technology every Saturday, highlighting top stories.",https://www.foxnews.com/tech/ai-newsletter-dems-demand-robot-tax,Neutral,0.0
Schneier.com,"AI in the 2026 Midterm Elections. We are nearly one year out from the 2026 midterm elections, and it’s far too early to predict the outcomes. But it’s a safe bet that artificial intelligence technologies will once again be a major storyline.
The widespread fear that AI would be used to manipu…",https://www.schneier.com/blog/archives/2025/10/ai-in-the-2026-midterm-elections.html,Negative,-0.8
Gizmodo.com,"The Original Manhattan Project Site Is About to Make Nuclear History Again. The project cements Tennessee’s role in the current administration’s “Manhattan Project 2.0,” officials say.",https://gizmodo.com/the-original-manhattan-project-site-is-about-to-make-nuclear-history-again-2000672631,Neutral,0.05
Pbxscience.com,Ubios: China's Alternative to UEFI. UBIOS: China's Alternative to UEFI and the New Era of Firmware Standards. What is the Difference Between UBIOS and Traditional BIOS/UEFI? Why is China Insisting on Building UBIOS?,https://pbxscience.com/ubios-chinas-alternative-to-uefi-and-the-new-era-of-firmware-standards/,Neutral,0.0
Al Jazeera English,"California’s landmark frontier AI law to bring transparency. While experts applaud the new law, a first in the US, for bringing in transparency, it is 'light touch regulation'.",https://www.aljazeera.com/economy/2025/10/10/californias-landmark-frontier-ai-law-to-bring-transparency,Positive,0.65
Forbes,"The Women Reimagining Cybersecurity’s Future. Unit 221B, a women-led cybersecurity startup backed by J2 Ventures, tackles $10.5T in global cybercrime with cutting-edge threat intelligence and purpose-driven tech.",https://www.forbes.com/sites/geristengel/2025/10/20/the-women-reimagining-cybersecuritys-future/,Positive,0.8
Business Insider,This is your doctor on ChatGPT. Over a dozen healthcare professionals told Business Insider how they use AI — including one way it could help cure their burnout.,https://www.businessinsider.com/how-doctors-use-ai-chatgpt-including-to-help-avoid-burnout-2025-10,Positive,0.55
Ubergizmo,"Daegu City Honors 30 Pioneering Companies at FIX Innovation Awards 2025. Daegu, positioning itself as the heart of Korea’s innovation industry, took another step forward in showcasing its technological ambitions with the Future Innovation Tech Expo 2025 (FIX 2025). On October 23, the city hosted the FIX Innovation Awards ceremony …",https://www.ubergizmo.com/2025/10/daegu-fix-innovation-awards-2025/,Positive,0.85
Trendwatching.com,"New merit badges prepare Scouts for AI and cybersecurity. Scouting America has introduced its first merit badges focused on artificial intelligence and cybersecurity. The new badges, available from October 2025, guide participants through hands-on exploration of algorithms, digital threats and the ethical dimensions…",https://www.trendwatching.com/innovations/new-merit-badges-prepare-scouts-for-ai-and-cybersecurity,Positive,0.7
Business Insider,"Lab spaces were the hottest commercial real estate bet. Now, landlords are facing headwinds from DC and Silicon Valley.. Life-sciences real estate, once a pandemic-era star, is grappling with record vacancies, shrinking funding, and overbuilding across top biotech hubs.",https://www.businessinsider.com/life-sciences-real-estate-boom-lull-vacancies-funding-2025-10,Negative,-0.75
TechRadar,"The role of artificial intelligence in space observation and data technology. AI and digital technologies are transforming astronomy, accelerating discoveries and making science accessible to all.",https://www.techradar.com/pro/the-role-of-artificial-intelligence-in-space-observation-and-data-technology,Positive,0.8
EFF,"EFF Austin: Organizing and Making a Difference in Central Texas. Austin, Texas is a major tech hub with a population that’s engaged in advocacy and paying attention. Since 1991, EFF-Austin an independent nonprofit civil liberties organization, has been the proverbial beacon alerting those in central Texas to the possibilit…",https://www.eff.org/deeplinks/2025/10/eff-austin-organizing-and-making-difference-central-texas,Positive,0.75
redmondpie.com,"How SweetNight’s $500 CoolNest Mattress Is Reshaping Sleep Technology For Consumer. In the ever-evolving world of consumer tech, innovation is no longer limited to what fits in your pocket or syncs with your wrist. Increasingly, the next frontier is the home — and nowhere is this shift more relevant than in the bedroom, where wellness meets …",https://www.redmondpie.com/how-sweetnights-500-coolnest-mattress-is-reshaping-sleep-technology-for-consumer/,Positive,0.85
Forbes,"8 Breakthrough Technology Trends That Will Transform Healthcare In 2026. Eight breakthrough technologies that are redefining how we discover drugs, deliver care, and create a more connected and intelligent healthcare system.",https://www.forbes.com/sites/bernardmarr/2025/10/27/the-8-biggest-healthcare-technology-trends-to-watch-in-2026/,Positive,0.95
Forbes,Funding The Frontlines Of Climate Innovation. Philanthropy's expanding role in supporting climate entrepreneurship and innovation in developing countries.,https://www.forbes.com/sites/jamilwyne/2025/10/22/funding-the-frontlines-of-climate-innovation/,Positive,0.8
Psychology Today,When Technology Makes Human Sex Feel Boring. What happens when our oldest instincts meet our newest technologies?,https://www.psychologytoday.com/us/blog/the-future-of-intimacy/202510/when-technology-makes-human-sex-feel-boring,Negative,-0.7
Yanko Design,"5 Things Made From Rice That Are Stronger Than Wood (Seriously). 5 Things Made From Rice That Are Stronger Than Wood (Seriously)Rice waste, often discarded after harvest, is emerging as one of the most eco-friendly resources with numerous applications. From producing biochar for improving soil fertility...",https://www.yankodesign.com/2025/10/19/5-things-made-from-rice-that-are-stronger-than-wood-seriously/,Positive,0.9
Forbes,"Nike Unveils Air Milano Olympics Jacket And Powered Footwear System. Nike's latest technologies include an air-inflated jacket, powered footwear, new cooling and sensory focused footwear",https://www.forbes.com/sites/timnewcomb/2025/10/23/nike-unveils-air-milano-olympics-jacket-and-powered-footwear-system/,Positive,0.6
MacRumors,"Apple Could Be Forced to Open Up App Store in the UK. Apple has been designated with strategic market status (SMS) in the United Kingdom for iOS and iPadOS, a move that empowers regulators to impose binding requirements that could compel changes such as permitting rival app stores and direct software downloads o…",https://www.macrumors.com/2025/10/22/apple-may-be-forced-to-open-app-store-in-uk/,Negative,-0.7
Futurity: Research News,"What’s keeping flying taxis from taking off?. Before flying taxis can take off, researchers say there's serious work to do—in the air, on the ground, and in policy.",https://www.futurity.org/flying-taxis-3300612/,Negative,-0.4
Forbes,"Next Health Announces Scientific Advisory Council On The Heels Of Franchise Expansion. Known for bridging the gap between conventional and functional medicine using innovative and cutting edge technology, Next Health is expanding across the globe backed by a new scientific medical advisory board.",https://www.forbes.com/sites/yolarobert1/2025/09/30/next-health-announces-scientific-advisory-council-on-the-heels-of-franchise-expansion/,Positive,0.8
Ubergizmo,"Future Innovation Tech Expo, FIX 2025, Marks Daegu’s Push for an AI-Transformed Industry. Daegu’s integrated technology exhibition brings together four major events—DIFA, ROBEX, ITCE, and the Start-Up Arena—to explore how AI is reshaping mobility, robotics, ICT, and entrepreneurship across South Korea. This October, the city of Daegu will host FIX…",https://www.ubergizmo.com/2025/10/fix-2025-daegu-push-for-an-ai-transformed-industry/,Positive,0.7
Dezeen,"Dezeen Awards 2025 Designers of the Year shortlist revealed. Dezeen has announced the Designers of the Year shortlist for this year's Dezeen Awards, which includes nominations for Kéré Architecture, Iris van Herpen and India Mahdavi. Our Designers of the Year awards recognise the best emerging and established talent wh…",https://www.dezeen.com/2025/10/10/dezeen-awards-2025-designers-of-the-year-shortlists/,Positive,0.75
Forbes,"Build Out The Foundation For America’s Innovation Economy. Across the U.S., regions are creating networks & places where universities, businesses, and capital come together—new foundation from which American innovation is rising.",https://www.forbes.com/sites/deborahwince-smith/2025/09/29/build-out-the-foundation-for-americas-innovation-economy/,Positive,0.82
Forbes,"Why Culture Is The Next Frontier Of Economic Infrastructure. From arts to information ecosystems, the cultural economy underpins trust, innovation, and growth, making it vital infrastructure for a resilient future",https://www.forbes.com/sites/feliciajackson/2025/10/07/why-culture-is-the-next-frontier-of-economic-infrastructure/,Positive,0.88
Forbes,Rethinking Privacy In Digital Asset Regulation. The recent White House report on digital assets discusses the value of self-Custody and privacy preserving technologies in crypto.,https://www.forbes.com/sites/digital-assets/2025/10/23/rethinking-privacy-in-digital-asset-regulation/,Neutral,0.15
Yanko Design,"5 Bamboo Products That Replaced Plastic and Carbon Fiber (Even in Herman Miller Chair). 5 Bamboo Products That Replaced Plastic and Carbon Fiber (Even in Herman Miller Chair)In the world of product design, the right material can turn a vision into reality, and bamboo is emerging as a favorite. Bamboo is a...",https://www.yankodesign.com/2025/10/18/5-bamboo-products-that-replaced-plastic-and-carbon-fiber-even-in-herman-miller-chair/,Positive,0.78
Stalw.art,"JMAP for Calendars, Contacts and Files Now in Stalwart. After four years of development, we’re thrilled to announce a major milestone in the evolution of Stalwart — the full implementation of JMAP for Calendars, Contacts, Address Books, File Storage, and Sharing. With this release, Stalwart becomes the first JMAP …",https://stalw.art/blog/jmap-collaboration,Positive,0.9
Forbes,"Tech Lords Rule: The Antidote. Can a world of concentrated power and wealth in a handful of tech titans yield broad, sustainable societal progress?",https://www.forbes.com/sites/paullaudicina/2025/10/06/tech-lords-rule-the-antidote/,Negative,-0.6
Forbes,"Merge Madrid Positions Spain’s Capital As Europe’s Next Crypto Hub. Merge Madrid brought together banks, startups, and regulators, showing how Spain’s capital is emerging as one of Europe’s rising Bitcoin, crypto and Web3 hubs.",https://www.forbes.com/sites/digital-assets/2025/10/12/merge-madrid-positions-spains-capital-as-europes-next-crypto-hub/,Positive,0.7
Forbes,"Trust Is Transforming The Tech Procurement Process. The traditional tech RFP model is outdated, inefficient, and increasingly mistrusted. New intelligent vendor-buyer matching and relationship solutions are emerging.",https://www.forbes.com/sites/douglaslaney/2025/10/23/trust-is-transforming-the-tech-procurement-process/,Positive,0.4
Techpinions.com,"Army FUZE program aims to accelerate tech development for soldiers. The U.S. Army has launched a new program called “Army FUZE” to speed up the development of cutting-edge technologies for soldiers. The program will use a venture capital-style model to invest in promising tech companies. Army Secretary Dan Driscoll said, “Wit…",https://techpinions.com/army-fuze-program-aims-to-accelerate-tech-development-for-soldiers/,Positive,0.8
The New York Review of Books,"The War Over Defense Tech. Last October, on a Martin Luther–inspired website called www.18theses.com, a software executive named Shyam Sankar published a four-thousand-word polemic with the title “The Defense Reformation.” “As a nation, we are in an undeclared state of emergency,” it b…",http://www.nybooks.com/online/2025/10/04/the-war-over-defense-tech/,Negative,-0.7
Hackaday,"Was The Napier Nomad The Most Complex Aero Engine Ever Made?. From 1945 to 1955, a British aeronautical company called Napier & Son produced not just one but two versions of an intricate hybrid piston engine, which they named the Napier Nomad. The post-Wo…",https://hackaday.com/2025/10/18/was-the-napier-nomad-the-most-complex-aero-engine-ever-made/,Neutral,0.05
Windows Central,"Former UK Prime Minister, Rishi Sunak, is now in the tech world advising Microsoft and Anthropic. Former UK Prime Minister Rishi Sunak has joined Microsoft and Anthropic as a senior advisor on a part-time basis, and pledges to donate all earnings to his math charity, The Richmond Project.",https://www.windowscentral.com/microsoft/former-uk-prime-minister-rishi-sunak-is-now-in-the-tech-world-advising-microsoft-and-anthropic,Positive,0.8
Forbes,"New Solar Tech Like Quantum Dots And GaN Can Redefine Clean Energy. Quantum dots tune sunlight for better absorption, while GaN inverters convert power faster and cooler. Together, these innovations push solar beyond today’s limits.",https://www.forbes.com/sites/dianneplummer/2025/09/30/new-solar-tech-like-quantum-dots-and-gan-can-redefine--clean-energy/,Positive,0.9
Forbes,"The Future Of Sustainable Innovation In Microplastics And Supply Chain. Two innovations, CLEANR and Worldly Axion tackle pollution and predict risk, showing how technology is reshaping sustainable manufacturing and supply chains.",https://www.forbes.com/sites/dianneplummer/2025/10/09/the-future-of-sustainable-innovation-in-microplastics-and-supply-chain/,Positive,0.85
MIT Technology Review,Building connected data ecosystems for AI at scale. Modern integration platforms are helping enterprises streamline fragmented IT environments and prepare their data pipelines for AI-driven transformation.,https://www.technologyreview.com/2025/10/10/1124313/building-connected-data-ecosystems-for-ai-at-scale/,Positive,0.85
Techpinions.com,"Army launches FUZE program to accelerate military tech innovation. The U.S. Army announced a new program called FUZE on September 15, 2025. FUZE will use a venture capital model to speed up the development of new military technologies. Army Secretary Dan Driscoll said FUZE will help the Army “invest but scale promising capab…",https://techpinions.com/army-launches-fuze-program-to-accelerate-military-tech-innovation/,Positive,0.8
Nike.com,"Project Amplify: Powered footwear for running and walking. Nike’s Project Amplify is the world’s first powered footwear system for running and walking, designed to help everyday athletes go a little bit faster and farther — all with less effort.",https://about.nike.com/en/newsroom/releases/nike-project-amplify-official-images,Positive,0.9
Forbes,Inside The Race To Harness Real-World Data: Who Will Build Healthcare’s Most Powerful Platform?. The convergence of powerful forces has opened a new frontier for how data can be used to accelerate innovation in medicine and care delivery. The promise is huge.,https://www.forbes.com/sites/sethjoseph/2025/10/16/inside-the-race-to-harness-real-world-data-who-will-build-healthcares-most-powerful-platform/,Positive,0.95
Forbes,Frontier Careers: Where Will New AI Jobs Be?. AI is projected to impact 50% of white-collar jobs. But it will also create new jobs and frontier careers. Where will the frontier AI jobs be?,https://www.forbes.com/sites/nishatalagala/2025/09/30/frontier-careers-where-will-new-ai-jobs-be/,Positive,0.75
Business Insider,"Thousands of doctors, researchers, and medical students convene in Atlanta to discuss hot topics in infectious disease. Nearly 10,000 experts and students focused on infectious disease research, treatment, and public-health strategy are attending ID Week 2025.",https://www.businessinsider.com/infectious-disease-experts-id-week-atlanta-ai-public-health-2025-10,Neutral,0.2
Theregister.com,"IBM's big iron to get Spyre AI accelerator upgrade this month. Giving the mainframe customers what they want
IBM's Spyre Accelerator is set to be generally available later this month, delivering a boost to the AI capabilities of its enterprise-grade hardware including the z17 mainframe, LinuxONE 5, and Power11 systems.…",https://www.theregister.com/2025/10/08/ibm_z17_spyre_accelerator/,Positive,0.7
Infosecurity Magazine,Europol Calls for Stronger Data Laws to Combat Cybercrime. Europol’s Cybercrime Conference has warned that cybercriminals are exploiting new technologies faster than law enforcement can adapt,https://www.infosecurity-magazine.com/news/europol-calls-stronger-data-laws/,Negative,-0.6
Help Net Security,"Gartner predicts the technologies set to transform 2026. Gartner has unveiled its vision for the technologies that will define 2026, spotlighting the innovations and risks that business and IT leaders can’t afford to ignore. The research firm says organizations are entering a period of change, where AI, connectivit…",https://www.helpnetsecurity.com/2025/10/23/gartner-2026-technology-trends/,Neutral,0.3
Forbes,"California AI Bill Sends Shock Waves Through The Industry. California AI bill SB53 mandates transparency for advanced AI systems, aiming to safeguard innovation while setting standards that may influence U.S. regulation.",https://www.forbes.com/sites/paulocarvao/2025/10/01/california-ai-bill-sends-shock-waves-through-the-industry/,Neutral,0.0
